,Unnamed: 0,Bet State Chosen,Kelly Criterion Suggestion,Payouts (per Dollar),League,Date,Success,Allocation Dollars,Allocation Percentage
65,0.0,Aston Villa,0.08,4.9,EPL,2021-01-01,0.0,0.2844776952158850,0.001855072463768120
66,0.0,Pistons,0.08,4.0,NBA,2021-01-01,1.0,0.2844776952158850,0.001855072463768120
67,1.0,Hornets,0.26,1.96,NBA,2021-01-01,0.0,3.004795655717780,0.019594202898550700
68,2.0,Mavericks,0.49,1.57,NBA,2021-01-01,1.0,10.672358534583400,0.06959420289855070
69,3.0,Hawks,0.15,3.0,NBA,2021-01-01,1.0,1.0001168972433400,0.006521739130434780
70,4.0,Bucks,0.82,1.86,NBA,2021-01-01,1.0,29.887937853618900,0.19489855072463800
71,5.0,Spurs,0.21,3.2,NBA,2021-01-01,0.0,1.960229118596960,0.012782608695652200
72,6.0,Wizards,0.35,9.1,NBA,2021-01-01,1.0,5.445080884991540,0.03550724637681160
73,7.0,Clippers,0.22,2.4,NBA,2021-01-01,0.0,2.1513625700701300,0.014028985507246400
74,8.0,Nuggets,0.56,2.42,NBA,2021-01-01,0.0,13.93940706557840,0.0908985507246377
75,9.0,Warriors,0.23,2.34,NBA,2021-01-01,0.0,2.3513859495188000,0.015333333333333300
68,0.0,Hull City,0.3,2.15,ELO,2021-01-02,1.0,3.1683237033953500,0.0152027027027027
69,1.0,Gillingham,0.23,3.6,ELO,2021-01-02,0.0,1.8622702656623800,0.008935810810810810
70,2.0,Sunderland,0.43,1.61,ELO,2021-01-02,0.0,6.509145030642230,0.031233108108108100
71,3.0,Wigan,0.21,3.4,ELO,2021-01-02,0.0,1.5524786146637200,0.007449324324324320
72,4.0,Bristol Rovers,0.14,3.8,ELO,2021-01-02,1.0,0.6899904954061000,0.0033108108108108100
73,5.0,Wimbledon,0.1,4.6,ELO,2021-01-02,0.0,0.35203596704392800,0.0016891891891891900
74,6.0,Burton Albion,0.09,3.5,ELO,2021-01-02,0.0,0.2851491333055820,0.001368243243243240
75,0.0,Tottenham,0.4,1.71,EPL,2021-01-02,1.0,5.632575472702850,0.027027027027027000
76,1.0,Brighton,0.2,2.6,EPL,2021-01-02,0.0,1.4081438681757100,0.006756756756756760
77,2.0,West Brom,0.03,5.9,EPL,2021-01-02,0.0,0.03168323703395360,0.00015202702702702700
78,0.0,Werder Bremen,0.13,3.0,GPL,2021-01-02,0.0,0.5949407843042390,0.00285472972972973
79,1.0,Arminia,0.09,6.0,GPL,2021-01-02,0.0,0.2851491333055820,0.001368243243243240
80,2.0,Draw Arminia v Gladbach,0.07,4.2,GPL,2021-01-02,0.0,0.1724976238515250,0.0008277027027027030
81,3.0,1. FC Köln,0.22,2.25,GPL,2021-01-02,0.0,1.7038540804926100,0.008175675675675680
82,4.0,Hoffenheim,0.28,2.1,GPL,2021-01-02,0.0,2.7599619816244000,0.013243243243243200
83,0.0,Rockets,0.54,1.45,NBA,2021-01-02,1.0,10.265368799001000,0.04925675675675680
84,1.0,76ers,0.76,1.21,NBA,2021-01-02,1.0,20.333597456457300,0.09756756756756760
85,2.0,Pacers,0.63,1.34,NBA,2021-01-02,0.0,13.972307531973500,0.06704391891891890
86,3.0,Thunder,0.15,3.4,NBA,2021-01-02,1.0,0.7920809258488390,0.003800675675675680
87,4.0,Hawks,0.61,2.02,NBA,2021-01-02,0.0,13.099258333704600,0.06285472972972970
88,5.0,Raptors,0.31,3.25,NBA,2021-01-02,0.0,3.383065643292150,0.016233108108108100
70,0.0,Newcastle,0.09,5.7,EPL,2021-01-03,0.0,0.11145112467536300,0.0006164383561643840
71,1.0,Draw Newcastle v Leicester,0.08,4.0,EPL,2021-01-03,0.0,0.08806014789164510,0.0004870624048706240
72,2.0,Man. City,0.24,2.15,EPL,2021-01-03,1.0,0.7925413310248060,0.004383561643835620
73,0.0,Wolfsburg,0.05,5.4,GPL,2021-01-03,0.0,0.034398495270173900,0.00019025875190258800
74,6.0,salavat yulaev ufa,0.44,1.71,KHL,2021-01-03,1.0,2.663819473722270,0.014733637747336400
75,7.0,neftekhimik nizhnekamsk,0.35,2.38,KHL,2021-01-03,1.0,1.68552626823852,0.009322678843226790
76,8.0,torpedo n. novgorod,0.33,1.82,KHL,2021-01-03,1.0,1.4983984539687700,0.008287671232876710
77,9.0,lokomotiv yaroslavl,0.65,1.31,KHL,2021-01-03,1.0,5.813345700659390,0.03215372907153730
78,10.0,hc dinamo minsk,0.3,2.84,KHL,2021-01-03,1.0,1.2383458297262600,0.006849315068493150
79,11.0,jokerit helsinki,0.43,3.25,KHL,2021-01-03,0.0,2.54411271018206,0.014071537290715400
80,0.0,Celtics,0.67,3.95,NBA,2021-01-03,1.0,6.176593810712420,0.03416286149162860
81,1.0,Grizzlies,0.2,4.1,NBA,2021-01-03,0.0,0.5503759243227820,0.0030441400304414000
82,2.0,Nets,0.69,4.0,NBA,2021-01-03,0.0,6.550849439251910,0.03623287671232880
83,3.0,Nuggets,0.37,1.75,NBA,2021-01-03,1.0,1.8836616009947200,0.010418569254185700
84,4.0,Spurs,0.3,2.9,NBA,2021-01-03,0.0,1.2383458297262600,0.006849315068493150
85,5.0,Bulls,0.16,3.65,NBA,2021-01-03,1.0,0.35224059156658100,0.0019482496194825000
86,6.0,Suns,0.44,2.76,NBA,2021-01-03,0.0,2.663819473722270,0.014733637747336400
87,7.0,Warriors,0.27,2.5,NBA,2021-01-03,1.0,1.0030601220782700,0.0055479452054794500
88,0.0,Buccaneers          ,0.66,2.08,NFL,2021-01-03,1.0,5.993593815875100,0.03315068493150690
89,1.0,Ravens          ,0.76,2.3,NFL,2021-01-03,1.0,7.947428347220970,0.04395738203957380
90,2.0,Cowboys          ,0.41,3.5,NFL,2021-01-03,0.0,2.3129548219664900,0.012792998477930000
91,3.0,Dolphins          ,0.15,4.2,NFL,2021-01-03,0.0,0.30958645743156500,0.0017123287671232900
92,4.0,Vikings          ,0.62,8.3,NFL,2021-01-03,1.0,5.2891126327419400,0.029254185692541900
93,5.0,Patriots          ,0.6,2.26,NFL,2021-01-03,1.0,4.953383318905040,0.027397260273972600
94,6.0,Browns          ,0.56,2.72,NFL,2021-01-03,1.0,4.314947246690610,0.023866057838660600
95,7.0,Rams          ,0.28,3.75,NFL,2021-01-03,1.0,1.0787368116726500,0.005966514459665150
96,8.0,Colts          ,0.84,1.79,NFL,2021-01-03,1.0,9.708631305053880,0.0536986301369863
97,9.0,Chiefs          ,0.63,2.66,NFL,2021-01-03,0.0,5.461105109092810,0.030205479452054800
98,10.0,Saints          ,0.65,1.32,NFL,2021-01-03,1.0,5.813345700659390,0.03215372907153730
99,11.0,Broncos          ,0.39,3.4,NFL,2021-01-03,0.0,2.0928044522373800,0.011575342465753400
100,12.0,49ers,0.31,7.6,NFL,2021-01-03,0.0,1.3222781581854800,0.007313546423135460
101,13.0,Eagles          ,0.22,2.24,NFL,2021-01-03,0.0,0.6659548684305660,0.003683409436834090
92,0.0,Southampton,0.07,5.2,EPL,2021-01-04,1.0,0.2815794516041750,0.0010470085470085500
93,1.0,Draw Southampton v Liverpool,0.06,4.3,EPL,2021-01-04,0.0,0.206874699137761,0.0007692307692307690
94,0.0,76ers,0.71,1.22,NBA,2021-01-04,1.0,28.96820439870700,0.1077136752136750
95,1.0,Magic,0.55,1.48,NBA,2021-01-04,1.0,17.38322124699240,0.06463675213675210
96,2.0,Celtics,0.16,3.6,NBA,2021-01-04,1.0,1.4711089716463000,0.00547008547008547
97,3.0,Hawks,0.66,1.38,NBA,2021-01-04,0.0,25.031838595669100,0.0930769230769231
98,4.0,Heat,0.57,1.68,NBA,2021-01-04,1.0,18.67044159718290,0.06942307692307690
99,5.0,Rockets,0.43,1.86,NBA,2021-01-04,0.0,10.625314408492200,0.039508547008547000
100,6.0,Bucks,0.88,1.83,NBA,2021-01-04,1.0,44.501046392300600,0.1654700854700860
101,7.0,Pacers,0.3,8.5,NBA,2021-01-04,1.0,5.1718674784440300,0.019230769230769200
102,8.0,Warriors,0.29,2.12,NBA,2021-01-04,1.0,4.832822832634920,0.01797008547008550
97,0.0,Auxerre,0.29,1.95,FL2,2021-01-05,0.0,5.39,0.02
98,1.0,Dunkerque,0.07,4.7,FL2,2021-01-05,0.0,0.31,0.0
99,2.0,Toulouse,0.44,2.25,FL2,2021-01-05,1.0,12.4,0.04
100,3.0,Valenciennes,0.21,2.65,FL2,2021-01-05,0.0,2.83,0.01
101,4.0,Amiens,0.2,2.8,FL2,2021-01-05,0.0,2.56,0.01
102,5.0,Pau,0.08,4.5,FL2,2021-01-05,0.0,0.41,0.0
103,6.0,Draw Troyes v Châteauroux,0.09,4.6,FL2,2021-01-05,0.0,0.52,0.0
104,7.0,Châteauroux,0.02,8.5,FL2,2021-01-05,0.0,0.03,0.0
105,8.0,Draw Clermont v Grenoble,0.12,2.95,FL2,2021-01-05,0.0,0.92,0.0
106,9.0,Grenoble,0.09,3.8,FL2,2021-01-05,0.0,0.52,0.0
107,10.0,Chambly,0.16,2.8,FL2,2021-01-05,0.0,1.64,0.0
108,6.0,hk avangard omsk,0.31,1.95,KHL,2021-01-05,1.0,6.16,0.02
109,7.0,avtomobilist yekaterinburg,0.1,3.6,KHL,2021-01-05,1.0,0.64,0.0
110,8.0,torpedo n. novgorod,0.61,1.57,KHL,2021-01-05,0.0,23.84,0.07
111,9.0,hc sochi,0.45,2.98,KHL,2021-01-05,0.0,12.97,0.04
112,10.0,lokomotiv yaroslavl,0.84,1.31,KHL,2021-01-05,1.0,45.21,0.13
113,0.0,Nets,0.38,2.1,NBA,2021-01-05,1.0,9.25,0.03
114,1.0,Grizzlies,0.22,4.2,NBA,2021-01-05,0.0,3.1,0.01
115,2.0,Timberwolves,0.05,6.2,NBA,2021-01-05,0.0,0.16,0.0
116,3.0,Clippers,0.63,1.29,NBA,2021-01-05,0.0,25.43,0.07
117,4.0,Bulls,0.05,4.8,NBA,2021-01-05,1.0,0.16,0.0
107,0.0,Lorient,0.07,4.2,FL1,2021-01-06,0.0,0.15,0.0
108,1.0,Metz,0.18,2.7,FL1,2021-01-06,0.0,1.02,0.0
109,2.0,Draw Strasbourg v Nîmes,0.06,4.2,FL1,2021-01-06,0.0,0.11,0.0
110,3.0,Nîmes,0.07,6.0,FL1,2021-01-06,0.0,0.15,0.0
111,4.0,Nantes,0.09,3.6,FL1,2021-01-06,0.0,0.26,0.0
112,5.0,Marseille,0.32,2.1,FL1,2021-01-06,1.0,3.23,0.01
113,6.0,Draw Lyon v Lens,0.05,4.9,FL1,2021-01-06,0.0,0.08,0.0
114,7.0,Lille,0.43,1.59,FL1,2021-01-06,0.0,5.83,0.02
115,8.0,Draw Reims v Dijon FCO,0.09,3.5,FL1,2021-01-06,1.0,0.26,0.0
116,9.0,Dijon FCO,0.1,4.5,FL1,2021-01-06,0.0,0.32,0.0
117,0.0,Cagliari,0.16,2.55,ISA,2021-01-06,0.0,0.81,0.0
118,1.0,Fiorentina,0.08,4.1,ISA,2021-01-06,0.0,0.2,0.0
119,2.0,Torino,0.21,2.6,ISA,2021-01-06,0.0,1.39,0.0
120,3.0,Bologna,0.15,2.7,ISA,2021-01-06,0.0,0.71,0.0
121,4.0,Genoa,0.1,5.0,ISA,2021-01-06,0.0,0.32,0.0
122,5.0,Crotone,0.03,7.0,ISA,2021-01-06,0.0,0.03,0.0
123,6.0,Draw Napoli v Spezia,0.04,7.0,ISA,2021-01-06,0.0,0.05,0.0
124,7.0,Juventus,0.17,2.5,ISA,2021-01-06,1.0,0.91,0.0
125,3.0,hc barys,0.53,1.81,KHL,2021-01-06,0.0,8.85,0.03
126,4.0,hc spartak moscow,0.22,2.54,KHL,2021-01-06,1.0,1.52,0.0
127,0.0,Barcelona,0.46,1.69,LLA,2021-01-06,1.0,6.67,0.02
128,0.0,Magic,0.59,1.77,NBA,2021-01-06,1.0,10.97,0.03
129,1.0,Rockets,0.32,3.2,NBA,2021-01-06,0.0,3.23,0.01
130,2.0,76ers,0.68,1.41,NBA,2021-01-06,1.0,14.57,0.05
131,3.0,Hawks,0.62,1.4,NBA,2021-01-06,0.0,12.11,0.04
132,4.0,Jazz,0.49,4.0,NBA,2021-01-06,0.0,7.57,0.02
133,5.0,Bucks,0.87,3.1,NBA,2021-01-06,1.0,23.85,0.08
134,6.0,Thunder,0.17,7.6,NBA,2021-01-06,1.0,0.91,0.0
135,7.0,Suns,0.44,1.63,NBA,2021-01-06,1.0,6.1,0.02
136,8.0,Kings,0.6,1.36,NBA,2021-01-06,1.0,11.34,0.04
137,9.0,Warriors,0.24,2.76,NBA,2021-01-06,0.0,1.81,0.01
138,0.0,Gençlerbirliği,0.18,3.1,TSL,2021-01-06,1.0,1.02,0.0
139,1.0,Trabzonspor,0.37,1.77,TSL,2021-01-06,1.0,4.31,0.01
140,2.0,Beşiktaş,0.59,1.4,TSL,2021-01-06,1.0,10.97,0.03
141,3.0,Antalyaspor,0.19,2.4,TSL,2021-01-06,1.0,1.14,0.0
134,4.0,severstal cherepovets,0.25,4.0,KHL,2021-01-07,0.0,5.7,0.02
135,5.0,red star kunlun,0.53,2.14,KHL,2021-01-07,0.0,25.62,0.07
136,6.0,torpedo n. novgorod,0.44,2.1,KHL,2021-01-07,0.0,17.66,0.05
137,7.0,hc dinamo riga,0.31,2.24,KHL,2021-01-07,0.0,8.77,0.02
138,0.0,Nets,0.29,2.2,NBA,2021-01-07,1.0,7.67,0.02
139,1.0,Grizzlies,0.67,1.58,NBA,2021-01-07,0.0,40.94,0.11
140,2.0,Mavericks,0.19,4.85,NBA,2021-01-07,1.0,3.29,0.01
141,3.0,Trail Blazers,0.68,1.69,NBA,2021-01-07,1.0,42.17,0.11
142,4.0,Lakers,0.63,1.31,NBA,2021-01-07,0.0,36.2,0.1
143,0.0,Alanyaspor,0.08,3.6,TSL,2021-01-07,0.0,0.58,0.0
129,0.0,Charlton Athletic,0.28,2.4,ELO,2021-01-08,0.0,2.59,0.01
130,0.0,Clermont,0.21,2.3,FL2,2021-01-08,0.0,1.46,0.01
131,1.0,Nancy,0.22,2.35,FL2,2021-01-08,0.0,1.6,0.01
132,2.0,Valenciennes,0.09,3.4,FL2,2021-01-08,1.0,0.27,0.0
133,3.0,Amiens,0.27,2.35,FL2,2021-01-08,1.0,2.41,0.01
134,4.0,Chambly,0.12,3.0,FL2,2021-01-08,1.0,0.48,0.0
135,5.0,AC Ajaccio,0.07,3.9,FL2,2021-01-08,0.0,0.16,0.0
136,5.0,hc barys,0.51,2.98,KHL,2021-01-08,1.0,8.59,0.03
137,6.0,ak bars kazan,0.55,1.38,KHL,2021-01-08,1.0,9.99,0.03
138,7.0,neftekhimik nizhnekamsk,0.34,5.7,KHL,2021-01-08,0.0,3.82,0.01
139,8.0,hc sochi,0.51,3.5,KHL,2021-01-08,0.0,8.59,0.03
140,9.0,hc spartak moscow,0.35,3.05,KHL,2021-01-08,1.0,4.05,0.01
141,0.0,Celta Vigo,0.15,3.2,LLA,2021-01-08,0.0,0.74,0.0
142,0.0,Suns,0.57,1.37,NBA,2021-01-08,0.0,10.73,0.04
143,1.0,Pelicans,0.59,1.4,NBA,2021-01-08,0.0,11.5,0.04
144,2.0,Thunder,0.28,2.98,NBA,2021-01-08,1.0,2.59,0.01
145,3.0,Celtics,0.65,1.74,NBA,2021-01-08,1.0,13.96,0.05
146,4.0,Rockets,0.57,1.39,NBA,2021-01-08,1.0,10.73,0.04
147,5.0,Bucks,0.61,2.84,NBA,2021-01-08,0.0,12.29,0.04
148,6.0,Lakers,0.78,2.72,NBA,2021-01-08,1.0,20.1,0.07
149,7.0,Clippers,0.55,4.4,NBA,2021-01-08,0.0,9.99,0.03
150,8.0,Raptors,0.41,3.15,NBA,2021-01-08,1.0,5.55,0.02
134,0.0,Gillingham,0.31,2.25,ELO,2021-01-09,0.0,3.16,0.01
135,1.0,Rochdale,0.24,4.4,ELO,2021-01-09,0.0,1.9,0.01
136,2.0,Ipswich Town,0.37,1.87,ELO,2021-01-09,0.0,4.51,0.01
137,3.0,Hull City,0.13,3.1,ELO,2021-01-09,1.0,0.56,0.0
138,0.0,Metz,0.2,2.65,FL1,2021-01-09,0.0,1.32,0.0
139,1.0,Nantes,0.11,3.7,FL1,2021-01-09,0.0,0.4,0.0
140,2.0,Dijon FCO,0.08,4.4,FL1,2021-01-09,0.0,0.21,0.0
141,3.0,Draw Dijon FCO v Marseille,0.09,3.5,FL1,2021-01-09,1.0,0.27,0.0
142,0.0,Schalke 04,0.07,4.4,GPL,2021-01-09,1.0,0.16,0.0
143,1.0,Union Berlin,0.14,2.85,GPL,2021-01-09,0.0,0.65,0.0
144,2.0,Mainz,0.11,3.5,GPL,2021-01-09,0.0,0.4,0.0
145,3.0,RB Leipzig,0.19,2.35,GPL,2021-01-09,0.0,1.19,0.0
146,0.0,Genoa,0.17,3.1,ISA,2021-01-09,1.0,0.95,0.0
147,1.0,AC Milan,0.43,1.61,ISA,2021-01-09,1.0,6.09,0.02
148,3.0,hk avangard omsk,0.54,1.62,KHL,2021-01-09,1.0,9.6,0.03
149,4.0,hc dinamo minsk,0.54,3.65,KHL,2021-01-09,0.0,9.6,0.03
150,5.0,hc dinamo riga,0.23,4.5,KHL,2021-01-09,0.0,1.74,0.01
151,0.0,Real Sociedad,0.14,3.7,LLA,2021-01-09,0.0,0.65,0.0
152,1.0,Atlético Madrid,0.49,1.56,LLA,2021-01-09,0.0,7.91,0.02
153,2.0,Barcelona,0.55,1.38,LLA,2021-01-09,1.0,9.96,0.03
154,3.0,Osasuna,0.05,6.5,LLA,2021-01-09,0.0,0.08,0.0
155,4.0,Draw Osasuna v Real Madrid,0.06,4.5,LLA,2021-01-09,1.0,0.12,0.0
156,0.0,Hornets,0.23,3.3,NBA,2021-01-09,1.0,1.74,0.01
157,1.0,Wizards,0.12,2.88,NBA,2021-01-09,0.0,0.47,0.0
158,2.0,Bucks,0.8,2.84,NBA,2021-01-09,1.0,21.07,0.07
159,3.0,Spurs,0.42,2.94,NBA,2021-01-09,1.0,5.81,0.02
160,4.0,Mavericks,0.76,2.98,NBA,2021-01-09,1.0,19.02,0.06
161,5.0,Trail Blazers,0.52,7.1,NBA,2021-01-09,1.0,8.9,0.03
162,0.0,Bills          ,0.58,1.34,NFL,2021-01-09,1.0,11.08,0.03
163,1.0,Seahawks          ,0.53,1.6,NFL,2021-01-09,0.0,9.25,0.03
164,0.0,GFK,0.21,3.4,TSL,2021-01-09,0.0,1.45,0.0
165,1.0,Kayserispor,0.15,2.9,TSL,2021-01-09,1.0,0.74,0.0
166,2.0,Göztepe,0.26,2.2,TSL,2021-01-09,1.0,2.23,0.01
152,0.0,FC Augsburg,0.15,3.5,GPL,2021-01-10,0.0,1.65,0.0
153,1.0,Arminia,0.17,4.4,GPL,2021-01-10,1.0,2.11,0.0
154,2.0,Draw Arminia v Hertha BSC,0.09,3.5,GPL,2021-01-10,0.0,0.59,0.0
155,0.0,Roma,0.17,2.9,ISA,2021-01-10,0.0,2.11,0.0
156,1.0,Parma,0.13,5.5,ISA,2021-01-10,0.0,1.24,0.0
157,2.0,Draw Parma v Lazio,0.07,4.1,ISA,2021-01-10,0.0,0.36,0.0
158,3.0,Napoli,0.29,1.87,ISA,2021-01-10,1.0,6.15,0.01
159,4.0,Crotone,0.08,4.5,ISA,2021-01-10,0.0,0.47,0.0
160,5.0,salavat yulaev ufa,0.24,2.06,KHL,2021-01-10,1.0,4.21,0.01
161,6.0,hc sochi,0.13,2.98,KHL,2021-01-10,0.0,1.24,0.0
162,7.0,torpedo n. novgorod,0.36,1.87,KHL,2021-01-10,1.0,9.48,0.02
163,8.0,neftekhimik nizhnekamsk,0.21,2.9,KHL,2021-01-10,0.0,3.23,0.01
164,9.0,jokerit helsinki,0.39,1.78,KHL,2021-01-10,1.0,11.13,0.02
165,0.0,Cádiz,0.16,2.65,LLA,2021-01-10,1.0,1.87,0.0
166,0.0,Pistons,0.09,3.6,NBA,2021-01-10,0.0,0.59,0.0
167,1.0,Nuggets,0.49,4.5,NBA,2021-01-10,1.0,17.56,0.04
168,2.0,Rockets,0.48,3.2,NBA,2021-01-10,0.0,16.85,0.04
169,3.0,Celtics,0.4,2.8,NBA,2021-01-10,0.0,11.7,0.03
170,4.0,Timberwolves,0.38,2.46,NBA,2021-01-10,1.0,10.56,0.02
171,5.0,Raptors,0.35,1.83,NBA,2021-01-10,0.0,8.96,0.02
172,0.0,Titans          ,0.21,2.58,NFL,2021-01-10,0.0,3.23,0.01
173,1.0,Browns          ,0.18,3.05,NFL,2021-01-10,1.0,2.37,0.01
174,0.0,Karagümrükspor,0.16,2.55,TSL,2021-01-10,1.0,1.87,0.0
175,1.0,Ankaragücü,0.15,3.9,TSL,2021-01-10,0.0,1.65,0.0
176,2.0,Rizespor,0.25,2.1,TSL,2021-01-10,0.0,4.57,0.01
177,3.0,Beşiktaş,0.38,1.91,TSL,2021-01-10,0.0,10.56,0.02
166,0.0,Toulouse,0.38,2.3,FL2,2021-01-11,0.0,12.64,0.03
167,0.0,Spezia,0.18,3.1,ISA,2021-01-11,1.0,2.84,0.01
168,3.0,jokerit helsinki,0.46,1.91,KHL,2021-01-11,0.0,18.52,0.04
169,4.0,lokomotiv yaroslavl,0.42,1.61,KHL,2021-01-11,0.0,15.44,0.03
170,5.0,hc dinamo minsk,0.46,2.52,KHL,2021-01-11,0.0,18.52,0.04
171,0.0,Elche,0.15,4.2,LLA,2021-01-11,0.0,1.97,0.0
172,1.0,Huesca,0.15,2.9,LLA,2021-01-11,0.0,1.97,0.0
173,0.0,Grizzlies,0.29,1.98,NBA,2021-01-11,1.0,7.36,0.01
174,1.0,Hornets,0.63,3.7,NBA,2021-01-11,1.0,34.74,0.07
175,2.0,Suns,0.49,2.6,NBA,2021-01-11,0.0,21.01,0.04
176,3.0,76ers,0.41,3.25,NBA,2021-01-11,0.0,14.71,0.03
177,4.0,Mavericks,0.47,1.51,NBA,2021-01-11,0.0,19.33,0.04
178,5.0,Pacers,0.32,2.46,NBA,2021-01-11,0.0,8.96,0.02
179,6.0,Trail Blazers,0.48,2.76,NBA,2021-01-11,1.0,20.17,0.04
180,0.0,Erzurumspor,0.04,6.0,TSL,2021-01-11,0.0,0.14,0.0
181,1.0,Alanyaspor,0.42,1.61,TSL,2021-01-11,0.0,15.44,0.03
170,0.0,Rochdale,0.07,4.6,ELO,2021-01-12,0.0,0.8,0.0
171,0.0,Burnley,0.07,7.0,EPL,2021-01-12,0.0,0.8,0.0
172,1.0,Draw Burnley v Man. United,0.06,4.6,EPL,2021-01-12,0.0,0.58,0.0
173,2.0,Everton,0.12,3.0,EPL,2021-01-12,1.0,2.34,0.0
174,6.0,hc dinamo riga,0.3,5.1,KHL,2021-01-12,0.0,14.62,0.03
175,7.0,salavat yulaev ufa,0.58,1.65,KHL,2021-01-12,1.0,54.64,0.11
176,8.0,hc barys,0.17,2.58,KHL,2021-01-12,0.0,4.69,0.01
177,9.0,vityaz podolsk,0.21,3.35,KHL,2021-01-12,0.0,7.16,0.01
178,0.0,Osasuna,0.11,3.2,LLA,2021-01-12,0.0,1.97,0.0
179,1.0,Atlético Madrid,0.29,1.95,LLA,2021-01-12,1.0,13.66,0.03
180,0.0,Nets,0.32,1.98,NBA,2021-01-12,1.0,16.63,0.03
181,1.0,Cavaliers,0.06,4.2,NBA,2021-01-12,0.0,0.58,0.0
182,2.0,Rockets,0.3,2.94,NBA,2021-01-12,0.0,14.62,0.03
183,3.0,Thunder,0.4,2.18,NBA,2021-01-12,0.0,25.99,0.05
176,4.0,hc spartak moscow,0.62,1.95,KHL,2021-01-13,0.0,51.4,0.1
177,5.0,torpedo n. novgorod,0.15,3.45,KHL,2021-01-13,1.0,3.01,0.01
178,0.0,Hornets,0.23,2.46,NBA,2021-01-13,0.0,7.07,0.01
179,1.0,Pistons,0.08,5.2,NBA,2021-01-13,0.0,0.86,0.0
180,2.0,Knicks,0.23,2.9,NBA,2021-01-13,0.0,7.07,0.01
181,3.0,Thunder,0.18,4.2,NBA,2021-01-13,0.0,4.33,0.01
182,4.0,Grizzlies,0.26,2.2,NBA,2021-01-13,1.0,9.04,0.02
183,5.0,Suns,0.51,1.47,NBA,2021-01-13,0.0,34.78,0.07
184,6.0,Kings,0.24,2.68,NBA,2021-01-13,0.0,7.7,0.02
185,0.0,PSV,0.32,1.83,NPL,2021-01-13,0.0,13.69,0.03
186,1.0,ADO Den Haag,0.22,2.5,NPL,2021-01-13,0.0,6.47,0.01
187,2.0,Fortuna Sittard,0.2,3.0,NPL,2021-01-13,0.0,5.35,0.01
188,3.0,Feyenoord,0.46,1.48,NPL,2021-01-13,1.0,28.29,0.06
182,4.0,red star kunlun,0.37,3.5,KHL,2021-01-14,1.0,13.93,0.04
183,5.0,vityaz podolsk,0.25,2.76,KHL,2021-01-14,0.0,6.36,0.02
184,7.0,salavat yulaev ufa,0.52,1.82,KHL,2021-01-14,1.0,27.52,0.07
185,0.0,Raptors,0.68,1.31,NBA,2021-01-14,1.0,47.06,0.12
186,1.0,Spurs,0.64,1.4,NBA,2021-01-14,0.0,41.69,0.11
187,2.0,Nuggets,0.65,1.49,NBA,2021-01-14,1.0,43.0,0.11
188,3.0,Trail Blazers,0.43,1.74,NBA,2021-01-14,0.0,18.82,0.05
189,0.0,RKC,0.06,5.4,NPL,2021-01-14,0.0,0.37,0.0
190,1.0,Willem II,0.21,3.0,NPL,2021-01-14,0.0,4.49,0.01
179,0.0,Monaco,0.29,1.87,FL1,2021-01-15,1.0,6.73,0.02
180,0.0,Roma,0.2,2.35,ISA,2021-01-15,0.0,3.2,0.01
181,5.0,hk avangard omsk,0.34,2.34,KHL,2021-01-15,0.0,9.26,0.02
182,6.0,hc dinamo riga,0.12,3.9,KHL,2021-01-15,0.0,1.15,0.0
183,7.0,hc dinamo minsk,0.62,2.46,KHL,2021-01-15,0.0,30.78,0.08
184,8.0,torpedo n. novgorod,0.47,2.54,KHL,2021-01-15,0.0,17.69,0.04
185,9.0,hc spartak moscow,0.39,1.94,KHL,2021-01-15,0.0,12.18,0.03
186,0.0,Cavaliers,0.35,2.24,NBA,2021-01-15,1.0,9.81,0.02
187,1.0,Thunder,0.53,1.93,NBA,2021-01-15,1.0,22.49,0.05
188,2.0,Jazz,0.59,1.4,NBA,2021-01-15,1.0,27.87,0.07
189,3.0,Kings,0.13,3.1,NBA,2021-01-15,0.0,1.35,0.0
190,4.0,Lakers,0.62,1.27,NBA,2021-01-15,1.0,30.78,0.08
191,0.0,Porto,0.26,2.05,PPL,2021-01-15,0.0,5.41,0.01
192,0.0,Gençlerbirliği,0.2,2.85,TSL,2021-01-15,0.0,3.2,0.01
164,0.0,Sunderland,0.35,1.8,ELO,2021-01-16,1.0,4.364,0.011
165,1.0,Hull City,0.43,2.0,ELO,2021-01-16,0.0,6.587,0.017
166,2.0,Plymouth Argyle,0.18,3.3,ELO,2021-01-16,0.0,1.154,0.003
167,3.0,Doncaster,0.32,2.25,ELO,2021-01-16,1.0,3.648,0.01
168,4.0,Charlton Athletic,0.19,2.4,ELO,2021-01-16,1.0,1.286,0.003
169,5.0,Peterborough,0.27,2.05,ELO,2021-01-16,1.0,2.597,0.007
170,6.0,Draw Stanley v Gillingham,0.09,3.5,ELO,2021-01-16,0.0,0.289,0.001
171,7.0,Gillingham,0.1,4.2,ELO,2021-01-16,1.0,0.356,0.001
172,8.0,Wigan,0.14,3.1,ELO,2021-01-16,0.0,0.698,0.002
173,9.0,Portsmouth,0.19,2.35,ELO,2021-01-16,1.0,1.286,0.003
174,10.0,Ipswich Town,0.28,2.25,ELO,2021-01-16,1.0,2.793,0.007
175,0.0,Wolves,0.43,1.74,EPL,2021-01-16,0.0,6.587,0.017
176,1.0,Brighton,0.18,3.4,EPL,2021-01-16,1.0,1.154,0.003
177,2.0,Fulham,0.06,6.0,EPL,2021-01-16,0.0,0.128,0.0
178,3.0,Southampton,0.06,4.6,EPL,2021-01-16,0.0,0.128,0.0
179,0.0,Toulouse,0.32,2.1,FL2,2021-01-16,1.0,3.648,0.01
180,1.0,Troyes,0.29,1.87,FL2,2021-01-16,1.0,2.996,0.008
181,2.0,Valenciennes,0.19,3.0,FL2,2021-01-16,0.0,1.286,0.003
182,3.0,Amiens,0.35,2.1,FL2,2021-01-16,0.0,4.364,0.011
183,4.0,Nancy,0.09,3.5,FL2,2021-01-16,0.0,0.289,0.001
184,5.0,Caen,0.11,3.5,FL2,2021-01-16,0.0,0.431,0.001
185,6.0,Draw Clermont v Dunkerque,0.08,4.0,FL2,2021-01-16,0.0,0.228,0.001
186,7.0,Chambly,0.2,2.35,FL2,2021-01-16,0.0,1.425,0.004
187,0.0,Werder Bremen,0.23,2.2,GPL,2021-01-16,1.0,1.884,0.005
188,1.0,Wolfsburg,0.13,3.5,GPL,2021-01-16,0.0,0.602,0.002
189,2.0,1. FC Köln,0.17,3.2,GPL,2021-01-16,0.0,1.029,0.003
190,0.0,Bologna,0.19,2.35,ISA,2021-01-16,1.0,1.286,0.003
191,1.0,Spezia,0.09,4.1,ISA,2021-01-16,0.0,0.289,0.001
192,2.0,Sampdoria,0.15,3.0,ISA,2021-01-16,1.0,0.802,0.002
193,2.0,salavat yulaev ufa,0.59,2.08,KHL,2021-01-16,0.0,12.4,0.032
194,3.0,hc sochi,0.29,2.2,KHL,2021-01-16,0.0,2.996,0.008
195,0.0,Rockets,0.19,3.2,NBA,2021-01-16,0.0,1.286,0.003
196,1.0,Nets,0.69,1.22,NBA,2021-01-16,1.0,16.96,0.044
197,2.0,Raptors,0.63,1.29,NBA,2021-01-16,1.0,14.139,0.037
198,3.0,Grizzlies,0.2,2.24,NBA,2021-01-16,1.0,1.425,0.004
199,4.0,Trail Blazers,0.5,1.52,NBA,2021-01-16,1.0,8.906,0.023
200,0.0,Rams          ,0.09,3.5,NFL,2021-01-16,0.0,0.289,0.001
201,1.0,Bills          ,0.44,1.68,NFL,2021-01-16,1.0,6.897,0.018
202,0.0,Emmen,0.08,5.5,NPL,2021-01-16,0.0,0.228,0.001
203,1.0,Draw Emmen v Vitesse,0.09,4.3,NPL,2021-01-16,0.0,0.289,0.001
204,2.0,Draw Utrecht v Heracles,0.08,4.0,NPL,2021-01-16,0.0,0.228,0.001
205,3.0,Draw AZ Alkmaar v ADO Den Haag,0.03,9.0,NPL,2021-01-16,0.0,0.032,0.0
206,0.0,Paços Ferreira,0.11,4.3,PPL,2021-01-16,1.0,0.431,0.001
207,1.0,Tondela,0.19,3.1,PPL,2021-01-16,1.0,1.286,0.003
208,0.0,Konyaspor,0.23,2.1,TSL,2021-01-16,0.0,1.884,0.005
209,1.0,GFK,0.47,1.83,TSL,2021-01-16,1.0,7.869,0.021
195,0.0,Sheffield Utd,0.05,5.7,EPL,2021-01-17,0.0,0.143,0.0
196,1.0,Man. United,0.09,3.7,EPL,2021-01-17,0.0,0.463,0.001
197,2.0,Man. City,0.81,1.15,EPL,2021-01-17,1.0,37.487,0.093
198,0.0,Draw Strasbourg v St Étienne,0.08,3.8,FL1,2021-01-17,0.0,0.366,0.001
199,1.0,St Étienne,0.15,5.4,FL1,2021-01-17,0.0,1.286,0.003
200,2.0,Nantes,0.15,2.7,FL1,2021-01-17,0.0,1.286,0.003
201,3.0,Lille,0.46,1.59,FL1,2021-01-17,1.0,12.09,0.03
202,4.0,Draw Lyon v Metz,0.05,5.8,FL1,2021-01-17,0.0,0.143,0.0
203,0.0,Draw Sassuolo v Parma,0.07,4.1,ISA,2021-01-17,1.0,0.28,0.001
204,1.0,Parma,0.08,4.9,ISA,2021-01-17,0.0,0.366,0.001
205,2.0,Crotone,0.17,2.75,ISA,2021-01-17,1.0,1.651,0.004
206,3.0,Juventus,0.15,2.9,ISA,2021-01-17,0.0,1.286,0.003
207,0.0,Celtics,0.63,1.32,NBA,2021-01-17,0.0,22.677,0.056
208,1.0,Mavericks,0.74,1.34,NBA,2021-01-17,0.0,31.287,0.078
209,2.0,Thunder,0.38,2.38,NBA,2021-01-17,0.0,8.25,0.021
210,3.0,Nuggets,0.42,1.89,NBA,2021-01-17,0.0,10.079,0.025
211,4.0,Clippers,0.55,1.39,NBA,2021-01-17,1.0,17.283,0.043
212,0.0,Browns          ,0.05,4.8,NFL,2021-01-17,0.0,0.143,0.0
213,1.0,Saints          ,0.53,1.64,NFL,2021-01-17,0.0,16.049,0.04
214,0.0,RKC,0.16,2.8,NPL,2021-01-17,0.0,1.463,0.004
215,1.0,Groningen,0.21,2.25,NPL,2021-01-17,0.0,2.52,0.006
216,2.0,VVV-Venlo,0.19,3.1,NPL,2021-01-17,0.0,2.063,0.005
217,0.0,Santa Clara,0.21,2.25,PPL,2021-01-17,0.0,2.52,0.006
218,1.0,Gil Vicente,0.23,2.25,PPL,2021-01-17,0.0,3.022,0.008
219,0.0,Denizlispor,0.18,2.85,TSL,2021-01-17,0.0,1.851,0.005
220,1.0,Beşiktaş,0.24,2.4,TSL,2021-01-17,1.0,3.291,0.008
211,0.0,Palmeiras,0.33,2.05,BPL,2021-01-18,1.0,7.281,0.023
212,1.0,Goiás,0.07,7.5,BPL,2021-01-18,0.0,0.328,0.001
213,0.0,Draw Arsenal v Newcastle,0.08,4.7,EPL,2021-01-18,0.0,0.428,0.001
214,1.0,Newcastle,0.05,8.5,EPL,2021-01-18,0.0,0.167,0.001
215,0.0,Cagliari,0.04,5.7,ISA,2021-01-18,0.0,0.107,0.0
216,0.0,Knicks,0.26,1.98,NBA,2021-01-18,1.0,4.52,0.014
217,1.0,Hawks,0.67,1.32,NBA,2021-01-18,1.0,30.013,0.093
218,2.0,Heat,0.68,1.42,NBA,2021-01-18,1.0,30.916,0.096
219,3.0,Trail Blazers,0.49,2.02,NBA,2021-01-18,0.0,16.053,0.05
220,4.0,Raptors,0.39,1.65,NBA,2021-01-18,1.0,10.169,0.032
221,5.0,Nets,0.47,2.1,NBA,2021-01-18,1.0,14.769,0.046
222,6.0,Rockets,0.29,1.98,NBA,2021-01-18,0.0,5.623,0.017
223,7.0,Lakers,0.73,1.27,NBA,2021-01-18,0.0,35.63,0.111
224,0.0,Portimonense,0.27,2.35,PPL,2021-01-18,1.0,4.874,0.015
213,0.0,Hull City,0.41,1.83,ELO,2021-01-19,1.0,12.066,0.037
214,1.0,Portsmouth,0.52,1.5,ELO,2021-01-19,1.0,19.409,0.059
215,2.0,Sunderland,0.49,1.59,ELO,2021-01-19,0.0,17.234,0.053
216,3.0,Draw Blackpool v Northampton,0.08,3.8,ELO,2021-01-19,0.0,0.459,0.001
217,4.0,Northampton,0.07,6.0,ELO,2021-01-19,0.0,0.352,0.001
218,5.0,Rochdale,0.05,5.3,ELO,2021-01-19,0.0,0.179,0.001
219,6.0,Draw Crewe Alexandra v Bristol Rovers,0.09,3.7,ELO,2021-01-19,0.0,0.581,0.002
220,7.0,Bristol Rovers,0.16,5.6,ELO,2021-01-19,0.0,1.838,0.006
221,8.0,Draw Lincoln City v Gillingham,0.09,3.7,ELO,2021-01-19,0.0,0.581,0.002
222,9.0,Gillingham,0.07,5.7,ELO,2021-01-19,0.0,0.352,0.001
223,10.0,Fleetwood Town,0.17,2.9,ELO,2021-01-19,0.0,2.074,0.006
224,0.0,West Ham,0.44,1.57,EPL,2021-01-19,1.0,13.896,0.042
225,1.0,Chelsea,0.17,2.45,EPL,2021-01-19,0.0,2.074,0.006
226,0.0,Leverkusen,0.19,3.2,GPL,2021-01-19,1.0,2.591,0.008
227,1.0,Mainz,0.1,4.2,GPL,2021-01-19,0.0,0.718,0.002
228,0.0,Elche,0.06,4.6,LLA,2021-01-19,0.0,0.258,0.001
229,1.0,Cádiz,0.18,2.95,LLA,2021-01-19,0.0,2.326,0.007
230,2.0,Alavés,0.08,5.5,LLA,2021-01-19,0.0,0.459,0.001
231,0.0,Jazz,0.57,1.39,NBA,2021-01-19,1.0,23.321,0.071
232,0.0,Kayserispor,0.14,4.4,TSL,2021-01-19,1.0,1.407,0.004
233,1.0,Draw Kayserispor v Başakşehir,0.07,3.9,TSL,2021-01-19,0.0,0.352,0.001
234,2.0,Trabzonspor,0.37,1.83,TSL,2021-01-19,1.0,9.826,0.03
221,0.0,Bahía,0.25,2.25,BPL,2021-01-20,1.0,4.01,0.011
222,1.0,Coritiba,0.13,2.8,BPL,2021-01-20,0.0,1.084,0.003
223,0.0,Fulham,0.04,6.0,EPL,2021-01-20,0.0,0.103,0.0
224,0.0,Marseille,0.26,2.1,FL1,2021-01-20,0.0,4.338,0.012
225,0.0,Arminia,0.11,4.2,GPL,2021-01-20,1.0,0.776,0.002
226,1.0,Draw Arminia v VfB Stuttgart,0.09,3.8,GPL,2021-01-20,0.0,0.52,0.001
227,2.0,SC Freiburg,0.14,2.9,GPL,2021-01-20,0.0,1.258,0.004
228,3.0,Draw FC Augsburg v Bayern Munich,0.03,7.5,GPL,2021-01-20,1.0,0.058,0.0
229,4.0,Union Berlin,0.03,7.0,GPL,2021-01-20,0.0,0.058,0.0
230,0.0,Celta Vigo,0.11,3.5,LLA,2021-01-20,0.0,0.776,0.002
231,1.0,Villarreal,0.47,1.51,LLA,2021-01-20,0.0,14.175,0.04
232,0.0,Cavaliers,0.05,4.6,NBA,2021-01-20,1.0,0.16,0.0
233,1.0,Celtics,0.24,2.94,NBA,2021-01-20,0.0,3.696,0.01
234,2.0,Mavericks,0.41,1.98,NBA,2021-01-20,1.0,10.787,0.031
235,3.0,Hawks,0.61,1.4,NBA,2021-01-20,1.0,23.877,0.068
236,4.0,Raptors,0.48,1.57,NBA,2021-01-20,0.0,14.784,0.042
237,5.0,Timberwolves,0.18,2.46,NBA,2021-01-20,0.0,2.079,0.006
238,6.0,Rockets,0.24,2.98,NBA,2021-01-20,0.0,3.696,0.01
239,8.0,Clippers,0.72,1.18,NBA,2021-01-20,1.0,33.265,0.094
240,0.0,GFK,0.26,2.35,TSL,2021-01-20,0.0,4.338,0.012
241,1.0,Galatasaray,0.66,1.26,TSL,2021-01-20,1.0,27.952,0.079
235,0.0,Flamengo,0.38,2.1,BPL,2021-01-21,1.0,19.818,0.058
236,1.0,Goiás,0.19,3.1,BPL,2021-01-21,0.0,4.955,0.014
237,2.0,Sport Recife,0.09,5.5,BPL,2021-01-21,0.0,1.112,0.003
238,0.0,Draw Liverpool v Burnley,0.03,6.5,EPL,2021-01-21,0.0,0.124,0.0
239,0.0,Osasuna,0.09,3.6,LLA,2021-01-21,0.0,1.112,0.003
240,1.0,Eibar,0.04,6.0,LLA,2021-01-21,0.0,0.22,0.001
241,0.0,Bucks,0.35,1.93,NBA,2021-01-21,0.0,16.813,0.049
242,1.0,Jazz,0.59,1.38,NBA,2021-01-21,1.0,47.775,0.139
243,2.0,Knicks,0.17,2.9,NBA,2021-01-21,1.0,3.966,0.012
244,0.0,Draw Guimarães v Nacional,0.08,4.0,PPL,2021-01-21,0.0,0.878,0.003
245,1.0,Nacional,0.04,6.0,PPL,2021-01-21,0.0,0.22,0.001
246,0.0,Erzurumspor,0.06,4.5,TSL,2021-01-21,0.0,0.494,0.001
247,1.0,Beşiktaş,0.4,1.71,TSL,2021-01-21,1.0,21.959,0.064
238,0.0,Gladbach,0.11,3.2,GPL,2021-01-22,1.0,1.354,0.004
239,0.0,Levante,0.24,2.05,LLA,2021-01-22,0.0,6.447,0.017
240,0.0,Hornets,0.44,1.63,NBA,2021-01-22,0.0,21.668,0.057
241,1.0,Rockets,0.31,2.48,NBA,2021-01-22,1.0,10.755,0.028
242,2.0,Pacers,0.47,1.68,NBA,2021-01-22,1.0,24.723,0.065
243,3.0,Cavaliers,0.1,4.85,NBA,2021-01-22,1.0,1.119,0.003
244,4.0,Celtics,0.24,2.76,NBA,2021-01-22,0.0,6.447,0.017
245,5.0,Raptors,0.45,1.72,NBA,2021-01-22,1.0,22.664,0.059
246,6.0,Suns,0.34,1.83,NBA,2021-01-22,0.0,12.938,0.034
247,7.0,Kings,0.43,1.57,NBA,2021-01-22,1.0,20.694,0.054
248,8.0,Thunder,0.05,7.4,NBA,2021-01-22,0.0,0.28,0.001
249,0.0,Willem II,0.23,2.35,NPL,2021-01-22,0.0,5.921,0.016
250,0.0,Gladbach,0.11,3.2,GPL,2021-01-22,1.0,1.5459774104172600,0.003903225806451610
251,0.0,Levante,0.24,2.05,LLA,2021-01-22,0.0,7.359363540498680,0.01858064516129030
252,0.0,Hornets,0.44,1.63,NBA,2021-01-22,0.0,24.735638566676100,0.062451612903225800
253,2.0,Pacers,0.47,1.68,NBA,2021-01-22,1.0,28.22367024472500,0.07125806451612900
254,3.0,Cavaliers,0.1,4.85,NBA,2021-01-22,1.0,1.277667281336580,0.0032258064516129000
255,4.0,Celtics,0.24,2.76,NBA,2021-01-22,0.0,7.359363540498680,0.01858064516129030
256,5.0,Raptors,0.45,1.72,NBA,2021-01-22,1.0,25.872762447065700,0.06532258064516130
257,6.0,Suns,0.34,1.83,NBA,2021-01-22,0.0,14.769833772250800,0.03729032258064520
258,7.0,Kings,0.43,1.57,NBA,2021-01-22,1.0,23.624068031913300,0.05964516129032260
259,8.0,Thunder,0.05,7.4,NBA,2021-01-22,0.0,0.31941682033414400,0.0008064516129032260
260,0.0,Willem II,0.23,2.35,NPL,2021-01-22,0.0,6.758859918270490,0.017064516129032300
261,0.0,Vasco da Gama,0.08,4.1,BPL,2021-01-23,1.0,0.5281024762857850,0.0013333333333333300
262,0.0,Wigan,0.14,3.8,ELO,2021-01-23,0.0,1.6173138336252200,0.004083333333333340
263,1.0,Sunderland,0.35,1.8,ELO,2021-01-23,1.0,10.108211460157600,0.025520833333333300
264,2.0,Rochdale,0.11,3.7,ELO,2021-01-23,0.0,0.9984437442278130,0.0025208333333333300
265,3.0,Wimbledon,0.1,4.9,ELO,2021-01-23,0.0,0.8251601191965390,0.0020833333333333300
266,4.0,Bristol Rovers,0.06,5.1,ELO,2021-01-23,0.0,0.2970576429107540,0.0007500000000000000
267,5.0,Swindon Town,0.06,4.3,ELO,2021-01-23,0.0,0.2970576429107540,0.0007500000000000000
268,0.0,Lens,0.28,2.0,FL1,2021-01-23,0.0,6.469255334500870,0.01633333333333330
269,0.0,Arminia,0.06,4.4,GPL,2021-01-23,0.0,0.2970576429107540,0.0007500000000000000
270,1.0,Leverkusen,0.27,2.05,GPL,2021-01-23,0.0,6.015417268942770,0.015187500000000000
271,2.0,SC Freiburg,0.21,2.65,GPL,2021-01-23,1.0,3.6389561256567400,0.009187500000000000
272,3.0,Mainz,0.08,8.0,GPL,2021-01-23,1.0,0.5281024762857850,0.0013333333333333300
273,4.0,Draw Mainz v RB Leipzig,0.07,4.9,GPL,2021-01-23,0.0,0.4043284584063040,0.0010208333333333300
274,5.0,FC Augsburg,0.11,3.6,GPL,2021-01-23,1.0,0.9984437442278130,0.0025208333333333300
275,0.0,Roma,0.49,1.45,ISA,2021-01-23,1.0,19.812094461908900,0.050020833333333300
276,1.0,Udinese,0.04,5.9,ISA,2021-01-23,0.0,0.13202561907144600,0.0003333333333333330
277,2.0,Atalanta,0.19,2.35,ISA,2021-01-23,1.0,2.9788280302995100,0.007520833333333330
278,3.0,Crotone,0.06,5.4,ISA,2021-01-23,0.0,0.2970576429107540,0.0007500000000000000
279,0.0,Real Sociedad,0.35,1.8,LLA,2021-01-23,0.0,10.108211460157600,0.025520833333333300
280,1.0,Alavés,0.04,6.0,LLA,2021-01-23,0.0,0.13202561907144600,0.0003333333333333330
281,2.0,Draw Alavés v Real Madrid,0.07,4.4,LLA,2021-01-23,0.0,0.4043284584063040,0.0010208333333333300
282,0.0,Heat,0.08,3.85,NBA,2021-01-23,0.0,0.5281024762857850,0.0013333333333333300
283,1.0,Pistons,0.07,3.95,NBA,2021-01-23,0.0,0.4043284584063040,0.0010208333333333300
284,2.0,Jazz,0.72,1.37,NBA,2021-01-23,1.0,42.77630057914860,0.108
285,3.0,Rockets,0.06,5.6,NBA,2021-01-23,1.0,0.2970576429107540,0.0007500000000000000
286,0.0,ADO Den Haag,0.24,2.75,NPL,2021-01-23,0.0,4.7529222865720700,0.012000000000000000
287,1.0,Heracles,0.23,2.2,NPL,2021-01-23,1.0,4.365097030549690,0.011020833333333300
288,0.0,Draw Başakşehir v Rizespor,0.06,4.9,TSL,2021-01-23,1.0,0.2970576429107540,0.0007500000000000000
289,1.0,Rizespor,0.12,8.5,TSL,2021-01-23,0.0,1.1882305716430200,0.00300000000000000000.0
290,1.0,Palmeiras,0.15,2.65,BPL,2021-01-24,0.0,0.9841259900354880,0.002346193952033370
291,1.0,Internacional,0.36,2.55,BPL,2021-01-24,1.0,5.668565702604410,0.013514077163712200
292,2.0,Draw Santos v Goiás,0.06,4.2,BPL,2021-01-24,0.0,0.15746015840567800,0.0003753910323253390
293,3.0,Goiás,0.04,5.5,BPL,2021-01-24,1.0,0.06998229262474580,0.0001668404588112620
294,4.0,Sport Recife,0.16,2.65,BPL,2021-01-24,1.0,1.1197166819959300,0.0026694473409801900
295,5.0,Fluminense,0.32,1.8,BPL,2021-01-24,1.0,4.47886672798373,0.01067778936392080
296,0.0,Bordeaux,0.18,2.45,FL1,2021-01-24,1.0,1.417141425651100,0.003378519290928050
297,1.0,Metz,0.19,2.5,FL1,2021-01-24,1.0,1.5789754773458300,0.003764337851929090
298,2.0,Reims,0.18,2.45,FL1,2021-01-24,1.0,1.417141425651100,0.003378519290928050
299,3.0,Dijon FCO,0.16,4.0,FL1,2021-01-24,0.0,1.1197166819959300,0.0026694473409801900
300,4.0,Draw Dijon FCO v Strasbourg,0.09,3.5,FL1,2021-01-24,1.0,0.3542853564127760,0.0008446298227320120
301,5.0,Lille,0.17,2.75,FL1,2021-01-24,1.0,1.2640551605344700,0.003013555787278420
302,6.0,St Étienne,0.07,5.7,FL1,2021-01-24,0.0,0.21432077116328400,0.0005109489051094890
303,7.0,Draw St Étienne v Lyon,0.06,4.2,FL1,2021-01-24,0.0,0.15746015840567800,0.0003753910323253390
304,0.0,1. FC Köln,0.06,4.5,GPL,2021-01-24,0.0,0.15746015840567800,0.0003753910323253390
305,0.0,Juventus,0.58,1.32,ISA,2021-01-24,1.0,14.713777024352800,0.03507820646506780
306,1.0,Genoa,0.19,2.35,ISA,2021-01-24,1.0,1.5789754773458300,0.003764337851929090
307,2.0,Napoli,0.41,1.67,ISA,2021-01-24,0.0,7.352514618887350,0.017528675703858200
308,3.0,Sassuolo,0.05,4.7,ISA,2021-01-24,0.0,0.10934733222616500,0.0002606882168925970
309,4.0,Parma,0.16,3.0,ISA,2021-01-24,0.0,1.1197166819959300,0.0026694473409801900
310,0.0,Osasuna,0.27,2.45,LLA,2021-01-24,1.0,3.188568207714980,0.0076016684045881100
311,1.0,Barcelona,0.65,1.3,LLA,2021-01-24,1.0,18.479699146221900,0.0440563086548488
312,2.0,Eibar,0.08,3.8,LLA,2021-01-24,0.0,0.27992917049898300,0.0006673618352450470
313,3.0,Atlético Madrid,0.54,1.42,LLA,2021-01-24,1.0,12.754272830859900,0.030406673618352500
314,0.0,Raptors,0.28,2.0,NBA,2021-01-24,1.0,3.4291323386125400,0.008175182481751830
315,1.0,Thunder,0.05,7.4,NBA,2021-01-24,0.0,0.10934733222616500,0.0002606882168925970
316,2.0,Magic,0.47,1.83,NBA,2021-01-24,0.0,9.661930275503960,0.02303441084462980
317,3.0,Celtics,0.72,1.34,NBA,2021-01-24,1.0,22.67426281041760,0.054056308654848800
318,4.0,Trail Blazers,0.44,1.65,NBA,2021-01-24,1.0,8.46785740759424,0.020187695516162700
319,0.0,Bills          ,0.24,2.44,NFL,2021-01-24,0.0,2.5193625344908500,0.006006256517205420
320,0.0,Draw Fortuna Sittard v Ajax,0.03,7.5,NPL,2021-01-24,0.0,0.03936503960141950,9.38477580813347E-05
321,1.0,Sparta,0.04,5.1,NPL,2021-01-24,0.0,0.06998229262474580,0.0001668404588112620
322,2.0,Draw Twente v VVV-Venlo,0.06,4.5,NPL,2021-01-24,0.0,0.15746015840567800,0.0003753910323253390
323,3.0,VVV-Venlo,0.04,5.3,NPL,2021-01-24,1.0,0.06998229262474580,0.0001668404588112620
324,4.0,Feyenoord,0.23,2.3,NPL,2021-01-24,0.0,2.313789549905660,0.005516162669447340
325,0.0,Marítimo,0.16,2.8,PPL,2021-01-24,0.0,1.1197166819959300,0.0026694473409801900
326,1.0,Moreirense,0.17,2.65,PPL,2021-01-24,0.0,1.2640551605344700,0.003013555787278420
327,2.0,Famalicão,0.19,3.1,PPL,2021-01-24,0.0,1.5789754773458300,0.003764337851929090
328,0.0,Konyaspor,0.25,2.1,TSL,2021-01-24,0.0,2.7336833056541300,0.006517205422314910
329,1.0,Denizlispor,0.14,2.9,TSL,2021-01-24,0.0,0.8572830846531360,0.0020437956204379600
330,2.0,Beşiktaş,0.55,1.36,TSL,2021-01-24,1.0,13.231027199366000,0.031543274244004200
331,3.0,GFK,0.35,2.45,TSL,2021-01-24,0.0,5.358019279082100,0.012773722627737200
1,0.0,Magic,0.42,2.02,NBA,2021-01-25,1.0,20.64293997889186,0.04605744125326371
2,1.0,Raptors,0.25,2.16,NBA,2021-01-25,0.0,7.313966829255904,0.016318537859007835
3,2.0,Nets,0.63,1.3,NBA,2021-01-25,1.0,46.446614952506685,0.10362924281984334
3,3.0,Mavericks,0.42,2.04,NBA,2021-01-25,0.0,20.64293997889186,0.04605744125326371
3,4.0,Bulls,0.21,3.75,NBA,2021-01-25,0.0,5.160734994722965,0.011514360313315928
3,6.0,Timberwolves,0.08,3.9,NBA,2021-01-25,0.0,0.7489502033158045,0.0016710182767624023
3,0.0,Belenenses,0.21,2.2,PPL,2021-01-25,1.0,5.160734994722965,0.011514360313315928
3,1.0,Benfica,0.75,1.22,PPL,2021-01-25,0.0,65.82570146330312,0.14686684073107048
3,2.0,Farense,0.03,7.5,PPL,2021-01-25,0.0,0.105321122341285,0.0002349869451697128
3,0.0,Kasımpaşa,0.18,2.9,TSL,2021-01-25,1.0,3.79156040428626,0.008459530026109661
3,1.0,Fenerbahçe,0.58,1.32,TSL,2021-01-25,1.0,39.36669506178697,0.08783289817232376
3,2.0,Draw Alanyaspor v Ankaragücü,0.07,4.5,TSL,2021-01-25,0.0,0.5734149994136629,0.0012793733681462146
1,0.0,Palmeiras,0.42,2.2,BPL,2021-01-26,0.0,14.030074560058422,0.03431906614785992
1,1.0,DrawAtléticoMineirovSantos,0.07,5.5,BPL,2021-01-26,0.0,0.3897242933349563,0.0009533073929961093
1,2.0,Santos,0.09,9.0,BPL,2021-01-26,0.0,0.6442381175537031,0.001575875486381323
1,0.0,HullCity,0.41,1.91,ELO,2021-01-26,0.0,13.369929328491047,0.03270428015564202
1,1.0,Gillingham,0.21,3.0,ELO,2021-01-26,1.0,3.5075186400146054,0.00857976653696498
1,2.0,Portsmouth,0.28,2.1,ELO,2021-01-26,0.0,6.2355886933593005,0.015252918287937749
1,3.0,Wigan,0.19,3.8,ELO,2021-01-26,0.0,2.871234079467739,0.007023346303501947
1,4.0,Doncaster,0.44,1.83,ELO,2021-01-26,1.0,15.398086365234189,0.03766536964980546
1,5.0,SwindonTown,0.2,2.65,ELO,2021-01-26,0.0,3.181422802734337,0.007782101167315179
1,6.0,Rochdale,0.11,3.9,ELO,2021-01-26,0.0,0.9623803978271368,0.002354085603112841
1,7.0,IpswichTown,0.09,3.8,ELO,2021-01-26,0.0,0.6442381175537031,0.001575875486381323
1,8.0,Northampton,0.04,5.7,ELO,2021-01-26,0.0,0.12725691210937345,0.000311284046692607
1,0.0,Newcastle,0.18,3.9,EPL,2021-01-26,0.0,2.5769524702148123,0.006303501945525292
1,1.0,Southampton,0.13,3.5,EPL,2021-01-26,0.0,1.3441511341552572,0.003287937743190662
1,2.0,ManCity,0.78,1.17,EPL,2021-01-26,1.0,48.38944082958927,0.11836575875486387
1,0.0,Hawks,0.64,1.74,NBA,2021-01-26,1.0,32.577769499999604,0.0796887159533074
1,1.0,Rockets,0.6,1.83,NBA,2021-01-26,1.0,28.63280522460903,0.07003891050583659
1,0.0,Emmen,0.02,8.5,NPL,2021-01-26,0.0,0.031814228027343364,7.782101167315176e-05
1,1.0,DrawGroningenvADODenHaag,0.09,4.4,NPL,2021-01-26,0.0,0.6442381175537031,0.001575875486381323
1,0.0,Boavista,0.07,6.5,PPL,2021-01-26,0.0,0.3897242933349563,0.0009533073929961093
1,1.0,DrawBoavistavSporting,0.08,4.0,PPL,2021-01-26,0.0,0.5090276484374938,0.001245136186770428
1,0.0,Chelsea,0.45,1.59,EPL,2021-01-27,0.0,17.34175323375,0.039705882352941174
1,1.0,Burnley,0.08,4.0,EPL,2021-01-27,1.0,0.5480850404740741,0.0012549019607843138
1,2.0,Brighton,0.24,2.05,EPL,2021-01-27,0.0,4.9327653642666665,0.011294117647058823
1,3.0,Leicester,0.18,2.6,EPL,2021-01-27,0.0,2.7746805174,0.006352941176470588
1,4.0,DrawManUnitedvSheffieldUtd,0.03,6.0,EPL,2021-01-27,0.0,0.07707445881666666,0.0001764705882352941
1,0.0,Lorient,0.22,2.35,FL1,2021-01-27,1.0,4.144893118585186,0.009490196078431374
1,0.0,Magic,0.47,1.83,NBA,2021-01-27,0.0,18.917497725112966,0.04331372549019608
1,1.0,Hawks,0.23,3.45,NBA,2021-01-27,0.0,4.53026541266852,0.010372549019607845
1,2.0,Heat,0.31,2.76,NBA,2021-01-27,0.0,8.22983943586852,0.018843137254901964
1,3.0,76ers,0.26,2.1,NBA,2021-01-27,1.0,5.7891482400074095,0.013254901960784318
1,4.0,Raptors,0.35,3.1,NBA,2021-01-27,0.0,10.490690227824075,0.024019607843137256
1,5.0,Suns,0.64,1.39,NBA,2021-01-27,0.0,35.077442590340745,0.08031372549019608
1,6.0,Pelicans,0.7,1.3,NBA,2021-01-27,1.0,41.9627609112963,0.09607843137254903
1,7.0,Timberwolves,0.07,3.85,NBA,2021-01-27,0.0,0.4196276091129631,0.0009607843137254905
1,0.0,AZAlkmaar,0.35,1.71,NPL,2021-01-27,0.0,10.490690227824075,0.024019607843137256
1,1.0,RKC,0.19,2.55,NPL,2021-01-27,0.0,3.091542181424075,0.007078431372549021
1,2.0,VVVVenlo,0.09,5.9,NPL,2021-01-27,1.0,0.69367012935,0.001588235294117647
1,3.0,DrawVVVVenlovVitesse,0.09,4.6,NPL,2021-01-27,0.0,0.69367012935,0.001588235294117647
1,4.0,Heerenveen,0.08,4.4,NPL,2021-01-27,1.0,0.5480850404740741,0.0012549019607843138
1,5.0,DrawHeerenveenvFeyenoord,0.07,4.1,NPL,2021-01-27,0.0,0.4196276091129631,0.0009607843137254905
1,0.0,Bahía,0.22,2.25,BPL,2021-01-28,1.0,7.073001051045707,0.020166666666666666
1,1.0,Flamengo,0.21,2.3,BPL,2021-01-28,1.0,6.444614594031314,0.018374999999999996
1,0.0,Tottenham,0.13,3.3,EPL,2021-01-28,0.0,2.46970491245191,0.0070416666666666666
1,0.0,Rockets,0.47,1.63,NBA,2021-01-28,1.0,32.28152752429745,0.09204166666666666
1,1.0,Heat,0.45,1.53,NBA,2021-01-28,0.0,29.592618033817264,0.08437499999999999
1,2.0,Pistons,0.07,5.6,NBA,2021-01-28,1.0,0.7160682882257018,0.0020416666666666665
1,3.0,Suns,0.64,1.96,NBA,2021-01-28,1.0,59.85746344025457,0.17066666666666663
1,0.0,Sparta,0.21,2.25,NPL,2021-01-28,0.0,6.444614594031314,0.018374999999999996
